Num,Title,Authors,Venue Abrev.,Venue,Field,Year,Preprocessing,Dimensionality Reduction,Quantitative Evaluation,Visualization,inaccuate,suboptimal,unstable,uninterpretable,unscalable,incomplete,irrefective,uninformed,Enhance reliability,Enhance awareness,Enhance Approchability,Improvements on DR,Improvements of Evaluation,Visualization Stage Solutions,DR framework,Visual Analytics System,Literature Review,Human-Centered Experiment,Computaional Experiment,FirstAuthor,BibIdentifier,FirstAuthorBib,Order,Group,GroupName,DOI,Citations
54,Multidimensional Projection with Radial Basis Function and Control Points Selection,E. Amorim; E. V. Brazil; L. G. Nonato; F. Samavati; M. C. Sousa,PacificVis,IEEE Pacific Visualization Symposium,Visualization and Visual Analytics,2014,3,3,,,,,3,,,,,,3,,,3,,,3,,,,,Amorim et al.,amorim14pacificvis,Amorim et al. \cite{amorim14pacificvis},0,3,Creator,,10
82,Linear discriminative star coordinates for exploring class and cluster separation of high dimensional data,"Y. Wang, J. Li, F. Nie, H. Theisel, M. Gong, and D. J. Lehmann",CGF,Computer Graphics Forum,Visualization and Visual Analytics,2017,,3,3,,,,3,,,3,,,3,,3,3,,,,,,,,Wang et al.,wang17cgf,Wang et al. \cite{wang17cgf},1,3,Creator,,35
109,"Multi-Perspective, Simultaneous Embedding",M. I. Hossain; V. Huroyan; S. Kobourov; R. Navarrete,TVCG,IEEE Transactions on Visualization and Computer Graphics,Visualization and Visual Analytics,2021,,3,,,3,,3,,,3,,,3,,,3,,,,,,,,Hossain et al.,hossain21tvcg,Hossain et al. \cite{hossain21tvcg},2,3,Creator,,7
22,RadViz and identification of clusters in multidimensional data,L. Novakova and O. Stepankova,IVIS,International Conference on Information Visualisation,Visualization and Visual Analytics,2009,,3,,,3,,,,,3,,,3,,,3,,,,,,,,Novakova and Stepankova,novakova09ivis,Novakova and Stepankova \cite{novakova09ivis},3,3,Creator,,46
107,Steering distortions to preserve classes and neighbors in supervised dimensionality reduction,"B. Colange, J. Peltonen, M. Aupetit, D. Dutykh, and S. Lespinats",NeurIPS,DR Framework,Machine Learning and Artificial Intelligence,2020,,3,,,3,,,,,3,,,3,,,3,,,,,,,,Colange et al.,colange20neurips,Colange et al. \cite{colange20neurips},4,3,Creator,,11
73,Dimension reconstruction for visual exploration of subspace clusters in high-dimensional data,F. Zhou et al.,PacificVis,IEEE Pacific Visualization Symposium,Visualization and Visual Analytics,2016,3,3,,,,,,,,3,,,3,,,3,,,,,,,,Zhou et al.,zhouetal.16pacificvis,Zhou et al. \cite{zhouetal.16pacificvis},5,3,Creator,,30
17,Least Square Projection: A Fast High-Precision Multidimensional Projection Technique and Its Application to Document Mapping,F. V. Paulovich; L. G. Nonato; R. Minghim; H. Levkowitz,TVCG,IEEE Transactions on Visualization and Computer Graphics,Visualization and Visual Analytics,2008,,3,,,,,,,,3,,,3,,3,3,,,,,,,,Paulovich et al.,paulovich08tvcg,Paulovich et al. \cite{paulovich08tvcg},6,3,Creator,,371
10,Visualization of labeled data using linear transformations,Y. Koren and L. Carmel,INFOVIS,IEEE Symposium on Information Visualization,Visualization and Visual Analytics,2003,,3,,,,3,,,,3,,,3,,,3,,,,,,,,Koren and Carmel,koren03infovis,Koren and Carmel \cite{koren03infovis},7,3,Creator,,97
102,Hinted Star Coordinates for Mixed Data,Matute; Linsen.,CGF,Computer Graphics Forum,Visualization and Visual Analytics,2020,,3,,,,,,,,3,,,3,,,3,,,,,,,,Matute and  linsen.,matute20cgf,Matute and  linsen. \cite{matute20cgf},8,3,Creator,,4
3,Exploratory projection pursuit,J. H. Friedman,JASA,Journal of the American Statistical Association,Statistics,1987,,3,,,,,,,,3,,,3,,,3,,,,,,,,Friedman,friedman87jasa,Friedman \cite{friedman87jasa},9,3,Creator,,1300
12,Supervised nonlinear dimensionality reduction for visualization and classification,"X. Geng, D. C. Zhan, and Z. H. Zhou",TSMC,"IEEE Transactions on Systems, Man, and Cybernetics, Part B (Cybernetics)",Multidisciplinary,2005,,3,,,,,,,,3,,,3,,,3,,,,,,,,Geng et al.,geng05tsmc,Geng et al. \cite{geng05tsmc},10,3,Creator,,585
24,Two-Stage Framework for Visualization of Clustered High Dimensional Data,"J. Choo, S. Bohn, and H. Park",VAST,IEEE Symposium on Visual Analytics Science and Technology,Visualization and Visual Analytics,2009,,3,,,,3,,,,,,,3,,,,,,3,,,,,Choo et al.,choo09vast,Choo et al. \cite{choo09vast},11,3,Creator,,67
53,A Structure-Based Distance Metric for High-Dimensional Space Exploration with Multidimensional Scaling,J. H. Lee; K. T. McDonnell; A. Zelenyuk; D. Imre; K. Mueller,TVCG,IEEE Transactions on Visualization and Computer Graphics,Visualization and Visual Analytics,2014,,3,,,,3,,,,,,,3,,,,,,3,,,,,Lee et al.,lee14tvcg,Lee et al. \cite{lee14tvcg},12,3,Creator,,63
94,SolarView: Low Distortion Radial Embedding with a Focus,T. Castermans; K. Verbeek; B. Speckmann; M. A. Westenberg; R. Koopman; S. Wang; H. van den Berg; A. Betti,TVCG,IEEE Transactions on Visualization and Computer Graphics,Visualization and Visual Analytics,2019,,3,,,3,,,,,,,3,3,,,3,,,,,,,,Castermans et al.,castermans19tvcg,Castermans et al. \cite{castermans19tvcg},13,3,Creator,,9
46,Orthographic star coordinates,D. J. Lehmann and H. Theisel,TVCG,IEEE Transactions on Visualization and Computer Graphics,Visualization and Visual Analytics,2013,,3,,,3,,,,,,,,3,,,3,,,,,,,,Lehmann and Theisel,lehmann13tvcg,Lehmann and Theisel \cite{lehmann13tvcg},14,3,Creator,,55
124,Uniform manifold approximation with two-phase optimization,"H. Jeon, H.-K. Ko, S. Lee, J. Jo, and J. Seo",VIS,IEEE Visualization Conference,Visualization and Visual Analytics,2022,,3,,,3,3,,,,,,,3,,,3,,,,,,,,Jeon et al.,jeon22vis,Jeon et al. \cite{jeon22vis},15,3,Creator,,8
15,Dd-hds: A method for visualization and exploration of high-dimensional data,"S. Lespinats, M. Verleysen, A. Giron, and B. Fertil",TNN,IEEE Transactions on Neural Networks,Machine Learning and Artificial Intelligence,2007,,3,,,,3,,,3,,,,3,,,3,,,,,,,,Lespinats et al.,lespinats07tnn,Lespinats et al. \cite{lespinats07tnn},16,3,Creator,,102
98,RadViz++: Improvements on radial-based visualizations,L. d. C. Pagliosa and A. C. Telea,Informatics,"Informatics, 2019",Machine Learning and Artificial Intelligence,2019,,3,,,,,,,3,,,,3,,,3,,,,,,,,Pagliosa and Telea,pagliosa19informatics,Pagliosa and Telea \cite{pagliosa19informatics},17,3,Creator,,10
115,Hct-sne: Hierarchical constraints with t-sne,"V. M. Vu, A. Bibal, and B. Frénay",IJCNN,2021 International Joint Conference on Neural Networks,Machine Learning and Artificial Intelligence,2021,,3,,,,3,,,,,3,,3,,,3,,,,,,,,Vu et al.,vu21ijcnn,Vu et al. \cite{vu21ijcnn},18,3,Creator,,5
86,A perception-driven approach to supervised dimensionality reduction for visualization,"Y. Wang, K. Feng, X. Chu, J. Zhang, C.-W. Fu, M. Sedlmair, X. Yu, and B. Chen",TVCG,IEEE Transactions on Visualization and Computer Graphics,Visualization and Visual Analytics,2018,,3,,,,3,,,,,,,3,,,3,3,,,,,,,Wang et al.,wang18tvcg,Wang et al. \cite{wang18tvcg},19,3,Creator,,68
69,Loch: A neighborhood-based multidimensional projection technique for highdimensional sparse spaces,"S. G. Fadel, F. M. Fatore, F. S. Duarte, and F. V. Paulovich",Neurocomp,Neurocomputing,Machine Learning and Artificial Intelligence,2015,,3,,,,3,3,,,,,,3,,,3,,,,,,,,Fadel et al.,fadel15neurocomp,Fadel et al. \cite{fadel15neurocomp},20,3,Creator,,39
130,Class-Constrained t-SNE: Combining Data Features and Class Probabilities,L. Meng; S. van den Elzen; N. Pezzotti; A. Vilanova,TVCG,IEEE Transactions on Visualization and Computer Graphics,Visualization and Visual Analytics,2024,,3,,,,3,,,,,,,3,,,3,,,,,,,,Meng et al.,meng24tvcg,Meng et al. \cite{meng24tvcg},21,3,Creator,,5
110,Spanning Trees as Approximation of Data Structures,D. Alcaide; J. Aerts,TVCG,IEEE Transactions on Visualization and Computer Graphics,Visualization and Visual Analytics,2021,,3,,,,3,,,,,,,3,,,3,,,,,,,,Alcaide and Aerts,alcaide21tvcg,Alcaide and Aerts \cite{alcaide21tvcg},22,3,Creator,,5
106,Density-preserving data visualization unveils dynamic patterns of single-cell transcriptomic variability,"A. Narayan, B. Berger, and H. Cho",bioRxiv,bioRxiv,Preprints,2020,,3,,,,3,,,,,,,3,,,3,,,,,,,,Narayan et al.,narayan20biorxiv,Narayan et al. \cite{narayan20biorxiv},23,3,Creator,,44
96,Class-aware t-SNE: cat-SNE,"C. de Bodt, D. Mulders, D. L. Sánchez, M. Verleysen, and J. A. Lee",ESANN,"European Symposium on Artificial Neural Networks, Computational Intelligence and Machine Learning",Visualization and Visual Analytics,2019,,3,,,,3,,,,,,,3,,,3,,,,,,,,De bodt et al.,debodt19esann,De bodt et al. \cite{debodt19esann},24,3,Creator,,19
95,A new supervised t-sne with dissimilarity measure for effective data visualization and classification,"L. Hajderanj, I. Weheliye, and D. Chen",ICSIE,Proceedings of the 8th International Conference on Software and Information Engineering,Visualization and Visual Analytics,2019,,3,,,,3,,,,,,,3,,,3,,,,,,,,Hajderanj et al.,hajderanj19icsie,Hajderanj et al. \cite{hajderanj19icsie},25,3,Creator,,27
93,Shape-preserving Star Coordinates,V. Molchanov; L. Linsen,TVCG,IEEE Transactions on Visualization and Computer Graphics,Visualization and Visual Analytics,2019,,3,,,,3,,,,,,,3,,,3,,,,,,,,Molchanov and Linsen,molchanov19tvcg,Molchanov and Linsen \cite{molchanov19tvcg},26,3,Creator,,6
8,Global versus local methods in nonlinear dimensionality reduction,V. de Silva and J. B. Tenenbaum,NeurIPS,Advances in Neural Information Processing Systems 15,Machine Learning and Artificial Intelligence,2002,,3,,,,3,,,,,,,3,,,3,,,,,,,,De silva and Tenenbaum,desilva02neurips,De silva and Tenenbaum \cite{desilva02neurips},27,3,Creator,,1269
7,Nonlinear dimensionality reduction by locally linear embedding,S. T. Roweis and L. K. Saul,Science,Science Magazine of the American Association for the Advancement of Science,Multidisciplinary,2000,,3,,,,3,,,,,,,3,,,3,,,,,,,,Roweis and Saul,roweis00science,Roweis and Saul \cite{roweis00science},28,3,Creator,,18706
1,A projection pursuit algorithm for exploratory data analysis,J. H. Friedman and J. W. Tukey,TC,IEEE Transactions on Computers,Multidisciplinary,1974,,3,,,,3,,,,,,,3,,,3,,,,,,,,Friedman and Tukey,friedman74tc,Friedman and Tukey \cite{friedman74tc},29,3,Creator,,2728
5,A global geometric framework for nonlinear dimensionality reduction,"J. B. Tenenbaum, V. de Silva, and J. C. Langford",Science,Science Magazine of the American Association for the Advancement of Science,Multidisciplinary,2000,,3,,,,3,,,,,,,3,,,3,,,,,,,,Tenenbaum et al.,tenenbaum00science,Tenenbaum et al. \cite{tenenbaum00science},30,3,Creator,,17059
26,Information retrieval perspective to nonlinear dimensionality reduction for data visualization,"J. Venna, J. Peltonen, K. Nybo, H. Aidos, and S. Kaski",jmlr,Journal of Machine Learning Research,Machine Learning and Artificial Intelligence,2010,,3,3,,,3,,,,,,,3,3,,3,,,,,,,,Venna et al.,venna10jmlr,Venna et al. \cite{venna10jmlr},31,3,Creator,,391
38,Shift-invariant similarities circumvent distance concentration in stochastic neighbor embedding and variants,J. A. Lee and M. Verleysen,PCS,Procedia Computer Science,Visualization and Visual Analytics,2011,,3,,,,3,,,3,,,,3,3,,3,,,,,3,,,Lee and Verleysen,lee11pcs,Lee and Verleysen \cite{lee11pcs},32,3,Creator,,41
105,Comparing and exploring high-dimensional data with dimensionality reduction algorithms and matrix visualizations,"R. Cutura, M. Aupetit, J.-D. Fekete, and M. Sedlmair",AVI,Proceedings of the International Conference on Advanced Visual Interfaces,Human-Computer Interaction,2020,,3,,3,,3,3,,3,,,,3,3,3,,,3,,,,,,Cutura et al.,cutura20avi,Cutura et al. \cite{cutura20avi},33,3,Creator,,18
36,Observation-level interaction with statistical models for visual analytics,"A. Endert, C. Han, D. Maiti, L. House, and C. North",VAST,IEEE Symposium on Visual Analytics Science and Technology,Visualization and Visual Analytics,2011,,3,,3,,,,,,,3,,3,,3,,,3,,,,,,Endert et al.,endert11vast,Endert et al. \cite{endert11vast},34,3,Creator,,185
70,Visual exploration of high-dimensional data through subspace analysis and dynamic projections,"S. Liu, B. Wang, J. J. Thiagarajan, P.-T. Bremer, and V. Pascucci",CGF,Computer Graphics Forum,Visualization and Visual Analytics,2015,,3,,3,,,,,3,3,,,3,,3,,,3,,,,,,Liu et al.,liu15cgf,Liu et al. \cite{liu15cgf},35,3,Creator,,51
83,Pattern Trails: Visual analysis of pattern transitions in subspaces,"D. Jackle, M. Hund, M. Behrisch, D. A. Keim, and T. Schreck",VAST,IEEE Symposium on Visual Analytics Science and Technology,Visualization and Visual Analytics,2017,,3,,3,,,,,3,,,,3,,3,,,3,,,,,,Jackle et al.,jackle17vast,Jackle et al. \cite{jackle17vast},36,3,Creator,,22
85,Visual Exploration of Semantic Relationships in Neural Word Embeddings,S. Liu; P. -T. Bremer; J. J. Thiagarajan; V. Srikumar; B. Wang; Y. Livnat; V. Pascucci,TVCG,IEEE Transactions on Visualization and Computer Graphics,Visualization and Visual Analytics,2018,,3,,3,,3,,,,3,,,3,,3,3,,,,3,,,,Liu et al.,liu18tvcg,Liu et al. \cite{liu18tvcg},37,3,Creator,,134
108,Implicit Multidimensional Projection of Local Subspaces,R. Bian; Y. Xue; L. Zhou; J. Zhang; B. Chen; D. Weiskopf; Y. Wang,TVCG,IEEE Transactions on Visualization and Computer Graphics,Visualization and Visual Analytics,2021,,3,,3,,3,,,,3,,,3,,,,,3,,,,,,Bian et al.,bian21tvcg,Bian et al. \cite{bian21tvcg},38,3,Creator,,13
66,Extending dimensions in RadViz based on mean shift,"F. Zhou, Wei Huang, Juncai Li, Yezi Huang, Yang Shi, and Ying Zhao",PacificVis,IEEE Pacific Visualization Symposium,Visualization and Visual Analytics,2015,,3,,,3,,3,,,,,,,,3,3,3,3,,,,,,Zhou et al.,zhou15pacificvis,Zhou et al. \cite{zhou15pacificvis},39,3,Creator,,29
39,iLAMP: Exploring high-dimensional spacing through backward multidimensional projection,E. P. dos Santos Amorim; E. V. Brazil; J. Daniels; P. Joia; L. G. Nonato; M. C. Sousa,VAST,IEEE Symposium on Visual Analytics Science and Technology,Visualization and Visual Analytics,2012,,3,,3,,,,3,,,,,3,,3,3,,3,,,,,,Dos santos amorim et al.,dossantosamorim12vast,Dos santos amorim et al. \cite{dossantosamorim12vast},40,3,Creator,,72
56,Axis calibration for improving data attribute estimation in star coordinates plots,M. Rubio-Sanchez and A. Sanchez,TVCG,IEEE Transactions on Visualization and Computer Graphics,Visualization and Visual Analytics,2014,,3,,,,,,3,,,,,3,,3,3,,,,,,,,Rubio-sanchez and Sanchez,rubio-sanchez14tvcg,Rubio-sanchez and Sanchez \cite{rubio-sanchez14tvcg},41,3,Creator,,27
45,Explainers: Expert explorations with crafted projections,M. Gleicher,TVCG,IEEE Transactions on Visualization and Computer Graphics,Visualization and Visual Analytics,2013,,3,,,,,,,,3,3,,,,3,3,,,,,,,,Gleicher,gleicher13tvcg,Gleicher \cite{gleicher13tvcg},42,3,Creator,,97
87,Exploring high-dimensional data through locally enhanced projections,"C. Lai, Y. Zhao, and X. Yuan",VLC,Journal of Visual Languages & Computing,Machine Learning and Artificial Intelligence,2018,,3,,,,,,,,3,3,,,,3,3,,,,,,,,Lai et al.,lai18vlc,Lai et al. \cite{lai18vlc},43,3,Creator,,8
88,"Fast, visual and interactive semisupervised dimensionality reduction","D. Spathis, N. Passalis, and A. Tefas",ECCV,European Conference on Computer Vision,Visualization and Visual Analytics,2018,,3,,,,,,,,,3,,,,3,3,,3,,,,,,Spathis et al.,spathis18eccv,Spathis et al. \cite{spathis18eccv},44,3,Creator,,8
127,Interactive Visual Cluster Analysis by Contrastive Dimensionality Reduction,J. Xia; L. Huang; W. Lin; X. Zhao; J. Wu; Y. Chen; Y. Zhao; W. Chen,TVCG,IEEE Transactions on Visualization and Computer Graphics,Visualization and Visual Analytics,2023,,3,,,3,,,,,,3,,3,,3,3,,3,,,,,,Xia et al.,xia23tvcg,Xia et al. \cite{xia23tvcg},45,3,Creator,,24
34,Piece wise Laplacian-based Projection for Interactive Data Exploration and Organization,"Paulovich, F.V.; Eler, D.M.; Poco, J.; Botha, C.P.; Minghim, R.; Nonato, L.G.",CGF,Computer Graphics Forum,Visualization and Visual Analytics,2011,,3,,,,,,,,,3,,3,,3,3,,3,,,,,,Paulovich et al.,paulovich11cgf,Paulovich et al. \cite{paulovich11cgf},46,3,Creator,,113
35,Local affine multidimensional projection,"P. Joia, D. Coimbra, J. A. Cuminato, F. V. Paulovich, and L. G. Nonato",TVCG,IEEE Transactions on Visualization and Computer Graphics,Visualization and Visual Analytics,2011,,3,,,,,,,,,3,,3,,3,3,,3,,,,,,Joia et al.,joia11tvcg,Joia et al. \cite{joia11tvcg},47,3,Creator,,342
129,ZADU: A Python Library for Evaluating the Reliability of Dimensionality Reduction Embeddings,H. Jeon; A. Cho; J. Jang; S. Lee; J. Hyun; H. -K. Ko; J. Jo; J. Seo,VIS,2023 IEEE Visualization and Visual Analytics,Visualization and Visual Analytics,2023,,,3,,,,,,,,,3,,,3,,3,,,,3,,,Jeon et al.,jeon23vis,Jeon et al. \cite{jeon23vis},48,0,Seeker,,4
117,Using multiple attribute-based explanations of multidimensional projections to explore high-dimensional data,"Z. Tian, X. Zhai, D. van Driel, G. van Steenpaal, M. Espadoto, and A. Telea",CG,Computers & Graphics,Visualization and Visual Analytics,2021,,,3,,,,,,3,,,,3,,,,,3,,,,,,Tian et al.,tian21cg,Tian et al. \cite{tian21cg},49,0,Seeker,,17
23,Selecting good views of high-dimensional data using class consistency,"M. Sips, B. Neubert, J. Lewis, and P. Hanrahan",CGF,Computer Graphics Forum,Visualization and Visual Analytics,2009,,3,,,3,,,,,3,,,3,,,,3,,,,,,,Sips et al.,sips09cgf,Sips et al. \cite{sips09cgf},50,0,Seeker,,243
14,VizRank: Data visualization guided by machine learning,"G. Leban, B. Zupan, G. Vidmar, and I. Bratko",DMKD,Data Mining and Knowledge Discovery,Data Mining,2006,,3,,,,,,,3,,,,3,3,,,3,,,,,,,Leban et al.,leban06dmkd,Leban et al. \cite{leban06dmkd},51,0,Seeker,,128
67,Graph-based measures to assist user assessment of multidimensional projections,"R. Motta, R. Minghim, A. de Andrade Lopes, and M. C. F. Oliveira",Neurocomp,Neurocomputing,Machine Learning and Artificial Intelligence,2015,,3,3,,,,,,,3,,,3,3,,,3,,,,,,,Motta et al.,motta15neurocomp,Motta et al. \cite{motta15neurocomp},52,0,Seeker,,47
79,Agreement analysis of quality measures for dimensionality reduction,B. Rieck and H. Leitte,TMDAV,Topological Methods in Data Analysis and Visualization IV,Visualization and Visual Analytics,2017,,,3,,,,3,,,,,3,3,,,,3,,3,,,,,Rieck and Leitte,rieck17tmdav,Rieck and Leitte \cite{rieck17tmdav},53,0,Seeker,,22
61,Persistent Homology for the Evaluation of Dimensionality Reduction Schemes,"Rieck, B.; Leitte, H.",CGF,Computer Graphics Forum,Visualization and Visual Analytics,2015,,,3,,,3,,,,,,,,3,,,3,,,,,,,Rieck et al.,rieck15cgf,Rieck et al. \cite{rieck15cgf},54,0,Seeker,,77
28,Scale-independent quality criteria for dimensionality reduction,J. A. Lee and M. Verleysen,PRL,Pattern Recognition Letters,Machine Learning and Artificial Intelligence,2010,,,3,,,3,3,,,,,,3,3,,,3,,,,,,,Lee and Verleysen,lee10prl,Lee and Verleysen \cite{lee10prl},55,0,Seeker,,109
37,Perception-based visual quality measures,"G. Albuquerque, M. Eisemann, and M. Magnor",VAST,IEEE Symposium on Visual Analytics Science and Technology,Visualization and Visual Analytics,2011,,,3,,,3,,,,,,,3,,,,3,,,,,,,Albuquerque et al.,albuquerque11vast,Albuquerque et al. \cite{albuquerque11vast},56,0,Seeker,,72
118,Effectiveness Error: Measuring and Improving RadViz Visual Effectiveness,M. Angelini; G. Blasilli; S. Lenti; A. Palleschi; G. Santucci,TVCG,IEEE Transactions on Visualization and Computer Graphics,Visualization and Visual Analytics,2022,,,3,,3,,3,,,,,,3,,,3,3,,,,,,,Angelini et al.,angelini22tvcg,Angelini et al. \cite{angelini22tvcg},57,0,Seeker,,9
119,Measuring and Explaining the Inter-Cluster Reliability of Multidimensional Projections,H. Jeon; H. -K. Ko; J. Jo; Y. Kim; J. Seo,TVCG,IEEE Transactions on Visualization and Computer Graphics,Visualization and Visual Analytics,2021,,3,3,,3,3,,,,,,,3,3,,,3,,,,,,,Jeon et al.,jeon21tvcg,Jeon et al. \cite{jeon21tvcg},58,0,Seeker,,15
0,Multidimensional scaling by optimizing goodness of fit to a nonmetric hypothesis,J.B. KRUSKAL,Psycho,Psychometrika,Statistics,1964,,,3,,3,,,,,,,,3,,,,3,,,,,,,Kruskal,kruskal64psycho,Kruskal \cite{kruskal64psycho},59,0,Seeker,,10386
58,Sanity check for class-coloring-based evaluation of dimension reduction techniques,M. Aupetit,BELIV,Proceedings of the Fifth Workshop on Beyond Time and Errors: Novel Evaluation Methods for Visualization,Visualization and Visual Analytics,2014,,,3,,3,,,,,,,3,3,3,,,3,,,,,,,Aupetit,aupetit14beliv,Aupetit \cite{aupetit14beliv},60,0,Seeker,,24
131,Classes are Not Clusters: Improving Label-Based Evaluation of Dimensionality Reduction,H. Jeon; Y. -H. Kuo; M. Aupetit; K. -L. Ma; J. Seo,TVCG,IEEE Transactions on Visualization and Computer Graphics,Visualization and Visual Analytics,2024,,,3,,3,,,,,,,,3,3,,,3,,,,,,,Jeon et al.,jeon24tvcg,Jeon et al. \cite{jeon24tvcg},61,0,Seeker,,4
128,Interpreting High-Dimensional Projections With Capacity,Y. Zhang; J. Liu; C. Lai; Y. Zhou; S. Chen,TVCG,IEEE Transactions on Visualization and Computer Graphics,Visualization and Visual Analytics,2023,,,3,,,3,,,,,,,3,,3,,,,,3,,,,Zhang et al.,zhang23tvcg,Zhang et al. \cite{zhang23tvcg},62,0,Seeker,,0
18,Interactive Dimensionality Reduction Through User-defined Combinations of Quality Metrics,S. Johansson; J. Johansson,TVCG,IEEE Transactions on Visualization and Computer Graphics,Visualization and Visual Analytics,2009,,,3,,,,,,,3,3,,3,,3,,3,,,3,,,,Johansson and Johansson,johansson09tvcg,Johansson and Johansson \cite{johansson09tvcg},63,0,Seeker,,184
25,Improving the visual analysis of high-dimensional datasets using quality measures,"G. Albuquerque, M. Eisemann, D. J. Lehmann, H. Theisel, and M. Magnor",VAST,IEEE Symposium on Visual Analytics Science and Technology,Visualization and Visual Analytics,2010,,,3,3,,,,,,3,,,3,,,,3,,,,,,,Albuquerque et al.,albuquerque10vast,Albuquerque et al. \cite{albuquerque10vast},64,0,Seeker,,80
44,Empirical guidance on scatterplot and dimension reduction technique choices,"M. Sedlmair, T. Munzner, and M. Tory",TVCG,IEEE Transactions on Visualization and Computer Graphics,Visualization and Visual Analytics,2013,,,,3,,,,,,,,3,,3,,,,,,,,3,,Sedlmair et al.,sedlmair13tvcg,Sedlmair et al. \cite{sedlmair13tvcg},65,2,Instructor,,231
13,Local multidimensional scaling,J. Venna and S. Kaski,NN,Neural Networks,Machine Learning and Artificial Intelligence,2006,,3,,,,3,,,,,,,,3,,3,,,,,,,3,Venna and Kaski,venna06nn,Venna and Kaski \cite{venna06nn},66,2,Instructor,,374
49,Stability comparison of dimensionality reduction techniques attending to data and parameter variations,"F. J. García Fernández, M. Verleysen, J. A. Lee, I. Díaz Blanco, et al.",VAMP,"Proc. Workshop on Visual Analytics using Multidimensional Projections, VAMP ’13",Visualization and Visual Analytics,2013,3,3,,,,3,3,,,,,,,3,,,,,,,,,3,García fernández et al.,garcíafernández13vamp,García fernández et al. \cite{garcíafernández13vamp},67,2,Instructor,,28
78,A survey of dimensionality reduction techniques based on random projection,"H. Xie, J. Li, and H. Xue",arXiv,arXiv:1706.04371 [cs.LG],Machine Learning and Artificial Intelligence,2017,3,3,,,3,,3,,,,,3,,3,,,,,,,3,,,Xie et al.,xie17arxiv,Xie et al. \cite{xie17arxiv},68,2,Instructor,,72
116,Initialization is critical for preserving global data structure in both t-SNE and UMAP,D. Kobak and G. C. Linderman,NB,Nature Biotechnology,Multidisciplinary,2021,,3,,,,,3,,,,,3,,3,,3,,,,,,,,Kobak and Linderman,kobak21nb,Kobak and Linderman \cite{kobak21nb},69,2,Instructor,,248
104,A comparative user study of visualization techniques for cluster analysis of multidimensional data sets,E. Ventocilla and M. Riveiro,IVIS,Information Visualization,Visualization and Visual Analytics,2020,,3,,,,3,3,,,,,3,,3,,,,,,,,3,,Ventocilla and Riveiro,ventocilla20ivis,Ventocilla and Riveiro \cite{ventocilla20ivis},70,2,Instructor,,23
120,Revisiting Dimensionality Reduction Techniques for Visual Cluster Analysis: An Empirical Study,J. Xia; Y. Zhang; J. Song; Y. Chen; Y. Wang; S. Liu,TVCG,IEEE Transactions on Visualization and Computer Graphics,Visualization and Visual Analytics,2022,,3,,,,,,,,,,3,,3,,,,,,,,3,,Xia et al.,xia22tvcg,Xia et al. \cite{xia22tvcg},71,2,Instructor,,51
92,"Multidimensional Projection for Visual Analytics: Linking Techniques with Distortions, Tasks, and Layout Enrichment",L. G. Nonato; M. Aupetit,TVCG,IEEE Transactions on Visualization and Computer Graphics,Visualization and Visual Analytics,2019,,3,3,3,,,,,,,,3,,3,,,,,,,3,,,Nonato and Aupetit,nonato19tvcg,Nonato and Aupetit \cite{nonato19tvcg},72,2,Instructor,,268
68,"Linear dimensionality reduction: Survey, insights, and generalizations",J. Cunningham and Z. Ghahramani,jmlr,"Journal of Machine Learning Research, Volume 16, Issue 1",Machine Learning and Artificial Intelligence,2015,,3,,,,,,,,,,3,,3,,3,,,,,3,,,Cunningham and Ghahramani,cunningham15jmlr,Cunningham and Ghahramani \cite{cunningham15jmlr},73,2,Instructor,,756
40,A survey of dimension reduction methods for high-dimensional data analysis and visualization,"D. Engel, L. Huttenberger, and B. Hamann",IRTG,Proceedings of IRTG,Visualization and Visual Analytics,2012,,3,,,,3,,,,,,3,,3,,,,,,,3,,,Engel et al.,engel12irtg,Engel et al. \cite{engel12irtg},74,2,Instructor,,140
55,A survey of dimensionality reduction techniques,"C. O. S. Sorzano, J. Vargas, and A. Pascual-Montano",arXiv,arXiv:1403.2877 [stat.ML],Preprints,2014,,3,,,,,,,,,,3,,3,,,,,,,3,,3,Sorzano et al.,sorzano14arxiv,Sorzano et al. \cite{sorzano14arxiv},75,2,Instructor,,515
64,Data visualization by nonlinear dimensionality reduction,A. Gisbrecht and B. Hammer,dmkd,WIREs Data Mining and Knowledge Discovery,Data Mining,2015,,3,,,,,,,,,,3,,3,,,,,,,3,,,Gisbrecht and Hammer,gisbrecht15dmkd,Gisbrecht and Hammer \cite{gisbrecht15dmkd},76,2,Instructor,,99
111,Toward a Quantitative Survey of Dimension Reduction Techniques,M. Espadoto; R. M. Martins; A. Kerren; N. S. T. Hirata; A. C. Telea,TVCG,IEEE Transactions on Visualization and Computer Graphics,Visualization and Visual Analytics,2021,,3,,,,,,,,,,3,,3,,,,,,,3,,,Espadoto et al.,espadoto21tvcg,Espadoto et al. \cite{espadoto21tvcg},77,2,Instructor,,340
89,VisCoDeR: A tool for visually comparing dimensionality reduction algorithms,"R. Cutura, S. Holzer, M. Aupetit, and M. Sedlmair",ESANN,"European Symposium on Artificial Neural Networks, Computational Intelligence and Machine Learning",Machine Learning and Artificial Intelligence,2018,,3,,,,,,,,,,3,,3,,,,,,3,,,,Cutura et al.,cutura18esann,Cutura et al. \cite{cutura18esann},78,2,Instructor,,35
132,Large-Scale Evaluation of Topic Models and Dimensionality Reduction Methods for 2D Text Spatialization,D. Atzberger; T. Cech; M. Trapp; R. Richter; W. Scheibel; J. Döllner; T. Schreck,TVCG,IEEE Transactions on Visualization and Computer Graphics,Visualization and Visual Analytics,2024,3,3,,,,,,,,,,3,,3,,,,,,,,,3,Atzberger et al.,atzberger24tvcg,Atzberger et al. \cite{atzberger24tvcg},79,2,Instructor,,10
19,Dimensionality reduction: A comparative review,L. van der Maaten and E. Postma,jmlr,"	Journal of Machine Learning Research",Preprints,2009,,3,,,,,,,,,,3,,3,,,,,,,,,3,Van der maaten and Postma,vandermaaten09jmlr,Van der maaten and Postma \cite{vandermaaten09jmlr},80,2,Instructor,,2672
71,A comparative study between RadViz and Star Coordinates,M. Rubio-Sánchez; L. Raya; F. Díaz; A. Sanchez,TVCG,IEEE Transactions on Visualization and Computer Graphics,Visualization and Visual Analytics,2016,,3,,,,3,,,,,,3,,3,,,,,,,,,3,Rubio-sánchez et al.,rubio-sánchez16tvcg,Rubio-sánchez et al. \cite{rubio-sánchez16tvcg},81,2,Instructor,,91
21,Quality assessment of dimensionality reduction: Rank-based criteria,Lee and Verleysen,Neurocomp,Neurocomputing,Machine Learning and Artificial Intelligence,2009,,,3,,3,3,,,,3,,3,,3,,,,,,,,,3,Lee and  verleysen,lee09neurocomp,Lee and  verleysen \cite{lee09neurocomp},82,2,Instructor,,360
100,"Spectral overlap and a comparison of parameter-free, dimensionality reduction quality metrics",J. Johannemann and R. Tibshirani,arXiv,arXiv:1907.01974,Machine Learning and Artificial Intelligence,2019,,,3,,,,3,,,3,,,,3,,,,,,,,,3,Johannemann and Tibshirani,johannemann19arxiv,Johannemann and Tibshirani \cite{johannemann19arxiv},83,2,Instructor,,2
60,Perception-Based Evaluation of Projection Methods for Multidimensional Data Visualization,R. Etemadpour; R. Motta; J. G. d. S. Paiva; R. Minghim; M. C. F. de Oliveira; L. Linsen,TVCG,IEEE Transactions on Visualization and Computer Graphics,Visualization and Visual Analytics,2015,,3,3,,,3,,,,,3,,,3,,,,,,,,3,,Etemadpour et al.,etemadpour15tvcg,Etemadpour et al. \cite{etemadpour15tvcg},84,2,Instructor,,74
31,Visual quality metrics and human perception: An initial study on 2D projections of large multidimensional data,"A. Tatu, P. Bak, E. Bertini, D. A. Keim, and J. Schneidewind",AVI,Proceedings of the International Conference on Advanced Visual Interfaces,Visualization and Visual Analytics,2010,,,3,,,,,3,,,,,,3,,,,,,,,3,,Tatu et al.,tatu10avi,Tatu et al. \cite{tatu10avi},85,2,Instructor,,88
52,Visualizing the quality of dimensionality reduction,"W. Lueks, A. Gisbrecht, and B. Hammer",Neurocomp,Neurocomputing,Machine Learning and Artificial Intelligence,2013,,,3,,,,3,3,,,,,3,3,,,,,,,3,,,Lueks et al.,lueks13neurocomp,Lueks et al. \cite{lueks13neurocomp},86,2,Instructor,,94
84,The Subspace Voyager: Exploring high-dimensional data along a continuum of salient 3D subspaces,B. Wang and K. Mueller,TVCG,IEEE Transactions on Visualization and Computer Graphics,Visualization and Visual Analytics,2017,3,,,,,,,,3,,,,,,3,,,3,,3,,,,Wang and Mueller,wang17tvcg,Wang and Mueller \cite{wang17tvcg},87,4,Explorer,,33
11,Dust & magnet: multivariate information visualization using a magnet metaphor,"Yi, R. Melton, J. T. Stasko, and J. A. Jacko",IVIS,Information Visualization,Visualization and Visual Analytics,2005,,,,3,,,,3,3,,,,,,3,,,3,,,,,,Yi et al.,yi05ivis,Yi et al. \cite{yi05ivis},88,4,Explorer,,259
2,The grand tour: A tool for viewing multidimensional data,D. Asimov,SIAM,SIAM Journal on Scientific and Statistical Computing,Statistics,1985,,,,3,,,,,3,,,,,,3,,,3,,,,,,Asimov,asimov85siam,Asimov \cite{asimov85siam},89,4,Explorer,,940
4,Grand tour and projection pursuit,"D. Cook, A. Buja, J. Cabrera, and C. Hurley",JCGS,Journal of Computational and Graphical Statistics,Statistics,1995,,,,3,,,,,3,,,,,,3,,,3,,,,,,Cook et al.,cook95jcgs,Cook et al. \cite{cook95jcgs},90,4,Explorer,,340
50,TripAdvisor N-D: A tourism-inspired high-dimensional space exploration framework with overview and detail,J. E. Nam and K. Mueller,TVCG,IEEE Transactions on Visualization and Computer Graphics,Visualization and Visual Analytics,2013,,,,3,,,,,3,,,,,,3,,,,,3,,,,Nam and Mueller,nam13tvcg,Nam and Mueller \cite{nam13tvcg},91,4,Explorer,,74
76,The Grassmannian Atlas: A general framework for exploring linear projections of high-dimensional data,"S. Liu, P.-T. Bremer, J. Jayaraman, B. Wang, B. Summa, and V. Pascucci",CGF,Computer Graphics Forum,Visualization and Visual Analytics,2016,,,,3,,,,,3,,,,,,3,,,,3,,,,,Liu et al.,liu16cgf,Liu et al. \cite{liu16cgf},92,4,Explorer,,18
16,Visualizing distortions and recovering topology in continuous projection techniques,M. Aupetit,Neurocomp,Neurocomputing,Machine Learning and Artificial Intelligence,2007,,3,,,3,,,,,,,,,3,,,3,3,,,,,,Aupetit,aupetit07neurocomp,Aupetit \cite{aupetit07neurocomp},93,6,Interpreter,,158
30,Techniques for precision-based visual analysis of projected data,"SCHRECK T., VON LANDESBERGER T., BREMM S.",VDA,Proceedings of SPIE-IS and T Electronic Imaging - Visualization and Data Analysis,Visualization and Visual Analytics,2010,,3,,,3,,,,,,,,3,3,,,3,3,,,,,,Schreck t. et al.,schreckt.10vda,Schreck t. et al. \cite{schreckt.10vda},94,6,Interpreter,,88
65,Explaining neighborhood preservation for multidimensional projections,"R. M. Martins, R. Minghim, A. C. Telea, et al.",SVCG,Scientific Visualization and Computer Graphics,Visualization and Visual Analytics,2015,,3,3,,3,,,,,,,,3,3,,,3,3,,,,,,Martins et al.,martins15svcg,Martins et al. \cite{martins15svcg},95,6,Interpreter,,57
29,Stress maps: Analysing local phenomena in dimensionality reduction based visualisations,"C. Seifert, V. Sabol, and W. Kienreich",EuroVA,EuroVA: International Workshop on Visual Analytics,Visualization and Visual Analytics,2010,,3,3,,3,,,3,,,,,3,3,,,,3,,,,,,Seifert et al.,seifert10eurova,Seifert et al. \cite{seifert10eurova},96,6,Interpreter,,45
47,Proxilens: Interactive exploration of high-dimensional data using projections,"N. Heulot, M. Aupetit, and J. D. Fekete",VAMP,EuroVis Workshop on Visual Analytics using Multidimensional Projections,Visualization and Visual Analytics,2013,,3,,3,3,,,3,,,,,3,3,,,,3,,,,,,Heulot et al.,heulot13vamp,Heulot et al. \cite{heulot13vamp},97,6,Interpreter,,40
122,Distortion-aware brushing for interactive cluster analysis in multidimensional projections,"H. Jeon, M. Aupetit, S. Lee, H.-K. Ko, Y. Kim, and J. Seo",arXiv,arXiv,Preprints,2022,,3,,3,3,,,,,,,,3,3,,,,3,,,,,,Jeon et al.,jeon22arxiv,Jeon et al. \cite{jeon22arxiv},98,6,Interpreter,,5
59,Visual analysis of dimensionality reduction quality for parameterized projections,"R. M. Martins, D. B. Coimbra, R. Minghim, and A. C. Telea",CG,Computers & Graphics,Visualization and Visual Analytics,2014,,3,,,3,,3,,,,,,,3,,,,3,,,,,,Martins et al.,martins14cg,Martins et al. \cite{martins14cg},99,6,Interpreter,,144
33,CheckViz: Sanity Check and Topological Clues for Linear and Non-Linear Mappings,"Lespinats, Sylvain; Aupetit, Micha√´l",CGF,Computer Graphics Forum,Visualization and Visual Analytics,2011,,3,3,,3,,,,,,,,,3,,,,3,,,,,,Lespinats et al.,lespinats11cgf,Lespinats et al. \cite{lespinats11cgf},100,6,Interpreter,,123
91,Interpreting Distortions in Dimensionality Reduction by Superimposing Neighbourhood Graphs,B. Colange; L. Vuillon; S. Lespinats; D. Dutykh,VIS,IEEE Visualization Conference,Visualization and Visual Analytics,2019,,,3,,3,,,,,,,,,3,,,,3,,,,,,Colange et al.,colange19vis,Colange et al. \cite{colange19vis},101,6,Interpreter,,9
75,InterAxis: Steering scatterplot axes via observation-level interaction,"H. Kim, J. Choo, H. Park, and A. Endert",TVCG,IEEE Transactions on Visualization and Computer Graphics,Visualization and Visual Analytics,2016,,,,3,,3,,3,,,3,,,,3,,,3,,,,,,Kim et al.,kim16tvcg,Kim et al. \cite{kim16tvcg},102,6,Interpreter,,108
80,AxiSketcher: Interactive nonlinear axis mapping of visualizations through user drawings,"B. C. Kwon, H. Kim, E. Wall, J. Choo, H. Park, and A. Endert",TVCG,IEEE Transactions on Visualization and Computer Graphics,Visualization and Visual Analytics,2017,,3,,3,,3,,3,,,3,3,,,3,,,3,,,,,,Kwon et al.,kwon17tvcg,Kwon et al. \cite{kwon17tvcg},103,6,Interpreter,,76
42,"Just-in-time annotation of clusters, outliers, and trends in point-based data visualizations",E. Kandogan,VAST,IEEE Symposium on Visual Analytics Science and Technology,Visualization and Visual Analytics,2012,,,,3,,,,3,,,,,,,3,,,3,,,,,,Kandogan,kandogan12vast,Kandogan \cite{kandogan12vast},104,6,Interpreter,,100
74,Explaining three-dimensional dimensionality reduction plots,"D. B. Coimbra, R. M. Martins, T. T. Neves, A. C. Telea, and F. V. Paulovich",IVIS,Information Visualization,Visualization and Visual Analytics,2016,,3,,3,,,,3,,,,,,,3,,,3,,,,,,Coimbra et al.,coimbra16ivis,Coimbra et al. \cite{coimbra16ivis},105,6,Interpreter,,52
97,DimReader: axis lines that explain non-linear projections,"R. Faust, D. Glickenstein, and C. Scheidegger",TVCG,IEEE Transactions on Visualization and Computer Graphics,Visualization and Visual Analytics,2019,,3,,3,,,,3,,,,,,3,3,,,3,,,,,,Faust et al.,faust19tvcg,Faust et al. \cite{faust19tvcg},106,6,Interpreter,,50
77,Understanding attribute variability in multidimensional projections,"L. Pagliosa, P. Pagliosa, and L. G. Nonato",SIBGRAPI,"Conference on Graphics, Patterns and Images",Visualization and Visual Analytics,2016,,,,3,,,,3,,,,,,3,,,,3,,,,,,Pagliosa et al.,pagliosa16sibgrapi,Pagliosa et al. \cite{pagliosa16sibgrapi},107,6,Interpreter,,25
63,Attribute-based visual explanation of multidimensional projections,"R. da Silva, P. Rauber, R. M. Martins, R. Minghim, and A. C. Telea",EuroVA,Proceedings of International EuroVis Workshop on Visual Analytics,Visualization and Visual Analytics,2015,,3,,,,,,3,,,,,,3,,,,3,,,,,,Da silva et al.,dasilva15eurova,Da silva et al. \cite{dasilva15eurova},108,6,Interpreter,,54
6,Coloring that reveals cluster structures in multivariate data,"KASKI, VENNA J., KOHONEN T.",IIPS,Australian Journal of Intelligent Information Processing Systems,Machine Learning and Artificial Intelligence,2000,,3,,3,,,,3,,,,,,3,,,,3,,,,,,Kaski et al.,kaski00iips,Kaski et al. \cite{kaski00iips},109,6,Interpreter,,69
113,Attribute-based explanation of non-linear embeddings of high-dimensional data,"J.-T. Sohns, M. Schmitt, F. Jirasek, H. Hasse, and H. Leitte",TVCG,IEEE Transactions on Visualization and Computer Graphics,Visualization and Visual Analytics,2021,,3,,3,,,,3,,,,,,3,,,,3,,,,,,Sohns et al.,sohns21tvcg,Sohns et al. \cite{sohns21tvcg},110,6,Interpreter,,16
62,Observation-level and parametric interaction for exploratory data analysis,"J. Z. Self, L. House, S. Leman, and C. North",Tr,"Technical report, Department of Computer Sc., Virginia Tech, Virginia",Preprints,2015,,,,3,,,3,3,3,,,3,3,3,,,,,,3,,,3,Self et al.,self15tr,Self et al. \cite{self15tr},111,1,Architect,,19
51,User-driven feature space transformation,"G. M. Mamani, F. M. Fatore, L. G. Nonato, and F. V. Paulovich",CGF,Computer Graphics Forum,Visualization and Visual Analytics,2013,,,,3,,,,3,,,,,3,,3,,,,,3,,,,Mamani et al.,mamani13cgf,Mamani et al. \cite{mamani13cgf},112,1,Architect,,55
20,ipca: An interactive system for pca-based visual analytics,"D. H. Jeong, C. Ziemkiewicz, B. Fisher, W. Ribarsky, and R. Chang",CGF,Computer Graphics Forum,Visualization and Visual Analytics,2009,,3,,,,,,3,,,,,,3,3,,,,,3,,,,Jeong et al.,jeong09cgf,Jeong et al. \cite{jeong09cgf},113,1,Architect,,291
27,iVisClassifier: An Interactive Visual Analytics System for Classification Based on Supervised Dimension Reduction,"J. Choo, H. Lee, J. Kim, and H. Park",VAST,IEEE Symposium on Visual Analytics Science and Technology,Visualization and Visual Analytics,2010,,3,,,,,,3,,,,,,,3,,,,,3,,,,Choo et al.,choo10vast,Choo et al. \cite{choo10vast},114,1,Architect,,178
99,"SIRIUS: Dual, symmetric, interactive dimension reductions","M. Dowling, J. Wenskovitch, J. T. Fry, S. Leman, L. House, and C. North",TVCG,IEEE Transactions on Visualization and Computer Graphics,Visualization and Visual Analytics,2019,,3,,3,,,,3,,,,,,,3,,,,,3,,,,Dowling et al.,dowling19tvcg,Dowling et al. \cite{dowling19tvcg},115,1,Architect,,44
126,Incorporation of Human Knowledge into Data Embeddings to Improve Pattern Significance and Interpretability,J. Li; C. -q. Zhou,TVCG,IEEE Transactions on Visualization and Computer Graphics,Visualization and Visual Analytics,2023,,3,,3,,,,3,,,3,,,,3,,,,,3,,,,Li and Zhou,li23tvcg,Li and Zhou \cite{li23tvcg},116,1,Architect,,9
90,A visual interaction framework for dimensionality reduction based data exploration,M. Cavallo and Ç. Demiralp,CHI,Proceedings of the SIGCHI Conference on Human Factors in Computing Systems,Human-Computer Interaction,2018,,3,,3,,,,3,,,,,3,3,3,,,,,3,,,,Cavallo and Demiralp,cavallo18chi,Cavallo and Demiralp \cite{cavallo18chi},117,1,Architect,,69
72,Probing Projections: Interaction Techniques for Interpreting Arrangements and Errors of Dimensionality Reductions,J. Stahnke; M. Dörk; B. Müller; A. Thom,TVCG,IEEE Transactions on Visualization and Computer Graphics,Visualization and Visual Analytics,2016,,3,,3,3,,,3,,,,,,3,3,,,,,3,,,,Stahnke et al.,stahnke16tvcg,Stahnke et al. \cite{stahnke16tvcg},118,1,Architect,,138
114,Explaining dimensionality reduction results using shapley values,W. E. Marcílio-Jr and D. M. Eler,ESWA,Expert Systems with Applications,Machine Learning and Artificial Intelligence,2021,,3,,3,,,,3,,,,,,3,3,,,,,3,,,,Marcílio-jr and Eler,marcílio-jr21eswa,Marcílio-jr and Eler \cite{marcílio-jr21eswa},119,1,Architect,,35
103,t-viSNE: Interactive Assessment and Interpretation of t-SNE Projections,A. Chatzimparmpas; R. M. Martins; A. Kerren,TVCG,IEEE Transactions on Visualization and Computer Graphics,Visualization and Visual Analytics,2020,,3,3,,3,,,3,,,,3,3,3,3,,,,,3,,,,Chatzimparmpas et al.,chatzimparmpas20tvcg,Chatzimparmpas et al. \cite{chatzimparmpas20tvcg},120,1,Architect,,135
57,Distortion-guided structure-driven interactive exploration of high-dimensional data,"S. Liu, B. Wang, P.-T. Bremer, and V. Pascucci",CGF,Computer Graphics Forum,Visualization and Visual Analytics,2014,,,3,,,,,3,,3,,,,3,3,,,,,3,,,,Liu et al.,liu14cgf,Liu et al. \cite{liu14cgf},121,1,Architect,,50
121,VisExPreS: A Visual Interactive Toolkit for User-Driven Evaluations of Embeddings,A. Ghosh; M. Nashaat; J. Miller; S. Quader,TVCG,IEEE Transactions on Visualization and Computer Graphics,Visualization and Visual Analytics,2022,,,3,3,,,,3,,,3,3,,3,3,,,,,3,,,,Ghosh et al.,ghosh22tvcg,Ghosh et al. \cite{ghosh22tvcg},122,1,Architect,,5
41,Dis-function: Learning distance functions interactively,"E. T. Brown, J. Liu, C. E. Brodley, and R. Chang",VAST,IEEE Symposium on Visual Analytics Science and Technology,Visualization and Visual Analytics,2012,,3,,,,,,,,,3,,,,3,,,,,3,,,,Brown et al.,brown12vast,Brown et al. \cite{brown12vast},123,1,Architect,,252
43,An interactive visual testbed system for dimension reduction and clustering of large-scale highdimensional data,"J. Choo, H. Lee, Z. Liu, J. Stasko, and H. Park",VDA,Proceedings of SPIE-IS and T Electronic Imaging - Visualization and Data Analysis,Visualization and Visual Analytics,2013,3,3,,,,,,,,3,,3,,,3,,,,,3,,,,Choo et al.,choo13vda,Choo et al. \cite{choo13vda},124,1,Architect,,42
48,Quality-based guidance for exploratory dimensionality reduction,"FERNSTAD, SHAW J., JOHANSSON J.",IVIS,Information Visualization,Visualization and Visual Analytics,2013,,3,3,,,3,,,3,3,,,,,3,,,,,3,,,,Fernstad et al.,fernstad13ivis,Fernstad et al. \cite{fernstad13ivis},125,1,Architect,,36
32,Brushing Dimensions - A Dual Visual Analysis Model for High-Dimensional Data,C. Turkay; P. Filzmoser; H. Hauser,TVCG,IEEE Transactions on Visualization and Computer Graphics,Visualization and Visual Analytics,2011,,3,,,,,,3,3,3,,,,,3,,,,,3,,,,Turkay et al.,turkay11tvcg,Turkay et al. \cite{turkay11tvcg},126,1,Architect,,135
112,Visual Analysis of Class Separations With Locally Linear Segments,Y. Ma; R. Maciejewski,TVCG,IEEE Transactions on Visualization and Computer Graphics,Visualization and Visual Analytics,2021,,3,,,,,,3,,3,,,3,,3,,,,,3,,,,Ma and Maciejewski,ma21tvcg,Ma and Maciejewski \cite{ma21tvcg},127,1,Architect,,17
101,Efficient Morphing of Shape-preserving Star Coordinates,V. Molchanov; S. Hamid; L. Linsen,PacificVis,IEEE Pacific Visualization Symposium,Visualization and Visual Analytics,2020,,3,,,,,3,,,3,,,,,3,,,3,,,,,,Molchanov et al.,molchanov20pacificvis,Molchanov et al. \cite{molchanov20pacificvis},128,1,Architect,,0
125,Feature Learning for Nonlinear Dimensionality Reduction toward Maximal Extraction of Hidden Patterns,T. Fujiwara; Y. -H. Kuo; A. Ynnerman; K. -L. Ma,PacificVis,IEEE Pacific Visualization Symposium,Visualization and Visual Analytics,2023,,3,,,,,3,,,3,,,,3,3,,,,3,,,,,Fujiwara et al.,fujiwara23pacificvis,Fujiwara et al. \cite{fujiwara23pacificvis},129,1,Architect,,3
81,Ldsscanner: Exploratory analysis of low-dimensional structures in high-dimensional datasets,"J. Xia, F. Ye, W. Chen, Y. Wang, W. Chen, Y. Ma, and A. K. Tung",TVCG,IEEE Transactions on Visualization and Computer Graphics,Visualization and Visual Analytics,2017,3,3,,,,,3,,,3,,,3,3,,,,,,3,,,,Xia et al.,xia17tvcg,Xia et al. \cite{xia17tvcg},130,1,Architect,,69
9,Visualization methodology for multidimensional scaling,A. Buja and D. F. Swayne,Classification,Journal of Classification,Machine Learning and Artificial Intelligence,2002,3,3,,,3,,3,,,,,,,3,3,,,,,3,,,,Buja and Swayne,buja02classification,Buja and Swayne \cite{buja02classification},131,1,Architect,,130
123,EvoSets: Tracking the sensitivity of dimensionality reduction results across subspaces,"G. Sun, S. Zhu, Q. Jiang, W. Xia, and R. Liang",BD,IEEE Transaction on Big Data,Machine Learning and Artificial Intelligence,2022,3,3,,3,,,3,,3,,,,,3,3,,,,,3,,,,Sun et al.,sun22bd,Sun et al. \cite{sun22bd},132,1,Architect,,12